1,Student 1
2,Student 2
3,Student 3
4,Student 4
5,Student 5
6,Student 6
7,Student 7
8,Student 8
9,Student 9
10,Student 10
11,Student 11
12,Student 12
13,Student 13
14,Student 14
15,Student 15
16,Student 16
17,Student 17
18,Student 18
19,Student 19
20,Student 20
21,Student 21
22,Student 22
23,Student 23
24,Student 24
25,Student 25
26,Student 26
27,Student 27
28,Student 28
29,Student 29
30,Student 30
31,Student 31
32,Student 32
33,Student 33
34,Student 34
35,Student 35
36,Student 36
37,Student 37
38,Student 38
39,Student 39
40,Student 40
41,Student 41
42,Student 42
43,Student 43
44,Student 44
45,Student 45
46,Student 46
47,Student 47
48,Student 48
49,Student 49
50,Student 50
